ID,THETA1,THETA2,THETA3,THETA4,THETA5,THETA6,THETA7,THETA8,THETA9,THETA10,WT
1,189.874260970763,3012.71803273375,452.377813453505,227.200084234466,10.2399670693082,3.02,0.0157248355835308,13300,6.74,0.0331617939212394,71
2,197.510618323613,2580.49571804067,429.493150128954,264.776654679163,14.8210384968798,3.02,0.00921897450670388,13300,6.74,0.0500393677116069,80
3,210.487094649544,2825.187050263,395.702335927254,258.43274122325,12.4050485745612,3.02,0.0133548824036441,13300,6.74,0.0532091806360538,78
4,158.957464978462,2568.7736413988,531.05024161956,299.855799840062,14.6196574584463,3.02,0.0140190847103786,13300,6.74,0.0482448210625671,66
5,89.8589689132788,2667.25692902471,426.711670677476,219.489857878121,13.4765645239857,3.02,0.0138101833644716,13300,6.74,0.0536268165908224,71
6,212.451781136753,2890.40646903424,419.023787109787,251.177026543544,11.7386062328036,3.02,0.0100218203528288,13300,6.74,0.109792154330009,64
7,205.699695035938,2931.47250947437,382.812559737678,221.297825021332,16.403409397813,3.02,0.0189597750221331,13300,6.74,0.0218125748294464,67
8,210.656230214369,3317.59735056173,441.713697327907,245.082864297347,11.4972711279464,3.02,0.0127599123254266,13300,6.74,0.112054076127605,65
